{
  "root" : {
    "__class" : "RootNode",
    "children" : [
      {
        "__class" : "FrameNode",
        "aspectRatio" : null,
        "blendingEnabled" : 0,
        "blendingMode" : "normal",
        "blur" : 12,
        "blurEnabled" : 0,
        "blurType" : "layer",
        "borderBottom" : 1,
        "borderColor" : "#222",
        "borderEnabled" : 0,
        "borderLeft" : 1,
        "borderPerSide" : false,
        "borderRight" : 1,
        "borderStyle" : "solid",
        "borderTop" : 1,
        "borderWidth" : 1,
        "bottom" : null,
        "boxShadows" : [

        ],
        "brightness" : 100,
        "brightnessEnabled" : 0,
        "centerAnchorX" : 0.19333333333333333,
        "centerAnchorY" : 1.588235294117647,
        "children" : [
          {
            "__class" : "CodeComponentNode",
            "aspectRatio" : null,
            "blur" : 12,
            "blurEnabled" : 0,
            "blurType" : "layer",
            "borderBottom" : 1,
            "borderColor" : "#222",
            "borderEnabled" : 0,
            "borderLeft" : 1,
            "borderPerSide" : false,
            "borderRight" : 1,
            "borderStyle" : "solid",
            "borderTop" : 1,
            "borderWidth" : 1,
            "bottom" : 88,
            "boxShadows" : [

            ],
            "brightness" : 100,
            "brightnessEnabled" : 0,
            "centerAnchorX" : 0.5,
            "centerAnchorY" : 0.44581280788177341,
            "children" : [

            ],
            "clip" : true,
            "codeComponentIdentifier" : "framer\/Page",
            "codeComponentProps" : {
              "alignment" : "start",
              "children" : [
                {
                  "enabled" : true,
                  "type" : "componentinstance",
                  "value" : "yWWHUz6Oj"
                },
                {
                  "enabled" : true,
                  "type" : "componentinstance",
                  "value" : "Wxoz7UURd"
                },
                {
                  "enabled" : true,
                  "type" : "componentinstance",
                  "value" : "SGlOIySJy"
                },
                {
                  "enabled" : true,
                  "type" : "componentinstance",
                  "value" : "gfcwYWBPI"
                }
              ],
              "contentHeight" : "stretch",
              "contentWidth" : "stretch",
              "currentPage" : 0,
              "defaultEffect" : "none",
              "direction" : "horizontal",
              "draggingEnabled" : false,
              "gap" : 0,
              "momentum" : false,
              "padding" : 0,
              "paddingBottom" : 0,
              "paddingLeft" : 0,
              "paddingPerSide" : false,
              "paddingRight" : 0,
              "paddingTop" : 0
            },
            "codeOverrideEnabled" : true,
            "codeOverrideFile" : ".\/App.tsx",
            "codeOverrideIdentifier" : ".\/App.tsx_Page",
            "codeOverrideName" : "Page",
            "constraintsLocked" : false,
            "contrast" : 100,
            "contrastEnabled" : 0,
            "exportOptions" : [

            ],
            "fillColor" : "rgba(255,255,255,1)",
            "fillEnabled" : false,
            "fillGradient" : {
              "__class" : "LinearGradient",
              "alpha" : 1,
              "angle" : 0,
              "end" : "rgba(0,0,0,0)",
              "start" : "black"
            },
            "fillImage" : null,
            "fillImagePixelHeight" : null,
            "fillImagePixelWidth" : null,
            "fillImageResize" : "fill",
            "fillType" : "color",
            "grayscale" : 0,
            "grayScaleEnabled" : 0,
            "height" : 724,
            "heightType" : 0,
            "hueRotate" : 0,
            "hueRotateEnabled" : 0,
            "id" : "gs5u14chn",
            "intrinsicHeight" : null,
            "intrinsicWidth" : null,
            "invert" : 0,
            "invertEnabled" : 0,
            "left" : 0,
            "locked" : false,
            "name" : null,
            "opacity" : 1,
            "originalid" : null,
            "parentid" : "OtCI_bDND",
            "radius" : 0,
            "radiusBottomLeft" : 0,
            "radiusBottomRight" : 0,
            "radiusIsRelative" : false,
            "radiusPerCorner" : false,
            "radiusTopLeft" : 0,
            "radiusTopRight" : 0,
            "right" : 0,
            "rotation" : 0,
            "saturate" : 100,
            "saturateEnabled" : 0,
            "sepia" : 0,
            "sepiaEnabled" : 0,
            "top" : 0,
            "visible" : true,
            "width" : 375,
            "widthType" : 0
          },
          {
            "__class" : "FrameNode",
            "aspectRatio" : null,
            "blendingEnabled" : 0,
            "blendingMode" : "normal",
            "blur" : 12,
            "blurEnabled" : 0,
            "blurType" : "layer",
            "borderBottom" : 1,
            "borderColor" : "#222",
            "borderEnabled" : 0,
            "borderLeft" : 1,
            "borderPerSide" : false,
            "borderRight" : 1,
            "borderStyle" : "solid",
            "borderTop" : 1,
            "borderWidth" : 1,
            "bottom" : 0,
            "boxShadows" : [
              {
                "__class" : "BoxShadow",
                "blur" : 5,
                "color" : "hsla(0, 0%, 0%, 0.25)",
                "enabled" : true,
                "inset" : false,
                "spread" : 0,
                "x" : 0,
                "y" : 1
              }
            ],
            "brightness" : 100,
            "brightnessEnabled" : 0,
            "centerAnchorX" : 0.5,
            "centerAnchorY" : 0.94581280788177335,
            "children" : [
              {
                "__class" : "FrameNode",
                "aspectRatio" : null,
                "blendingEnabled" : 0,
                "blendingMode" : "normal",
                "blur" : 12,
                "blurEnabled" : 0,
                "blurType" : "layer",
                "borderBottom" : 1,
                "borderColor" : "#222",
                "borderEnabled" : 0,
                "borderLeft" : 1,
                "borderPerSide" : false,
                "borderRight" : 1,
                "borderStyle" : "solid",
                "borderTop" : 1,
                "borderWidth" : 1,
                "bottom" : 0,
                "boxShadows" : [

                ],
                "brightness" : 100,
                "brightnessEnabled" : 0,
                "centerAnchorX" : 0.12533333333333332,
                "centerAnchorY" : 0.5,
                "children" : [
                  {
                    "__class" : "CodeComponentNode",
                    "aspectRatio" : null,
                    "blur" : 12,
                    "blurEnabled" : 0,
                    "blurType" : "layer",
                    "borderBottom" : 1,
                    "borderColor" : "#222",
                    "borderEnabled" : 0,
                    "borderLeft" : 1,
                    "borderPerSide" : false,
                    "borderRight" : 1,
                    "borderStyle" : "solid",
                    "borderTop" : 1,
                    "borderWidth" : 1,
                    "bottom" : null,
                    "boxShadows" : [

                    ],
                    "brightness" : 100,
                    "brightnessEnabled" : 0,
                    "centerAnchorX" : 0.5,
                    "centerAnchorY" : 0.22727272727272727,
                    "children" : [

                    ],
                    "clip" : true,
                    "codeComponentIdentifier" : "@framer\/benjamin.icon-generator\/.\/Icon.tsx_Icon",
                    "codeComponentProps" : {
                      "color" : "#000",
                      "icon" : "user",
                      "set" : "feather"
                    },
                    "codeOverrideEnabled" : false,
                    "constraintsLocked" : false,
                    "contrast" : 100,
                    "contrastEnabled" : 0,
                    "exportOptions" : [

                    ],
                    "fillColor" : "rgba(255,255,255,1)",
                    "fillEnabled" : false,
                    "fillGradient" : {
                      "__class" : "LinearGradient",
                      "alpha" : 1,
                      "angle" : 0,
                      "end" : "rgba(0,0,0,0)",
                      "start" : "black"
                    },
                    "fillImage" : null,
                    "fillImagePixelHeight" : null,
                    "fillImagePixelWidth" : null,
                    "fillImageResize" : "fill",
                    "fillType" : "color",
                    "grayscale" : 0,
                    "grayScaleEnabled" : 0,
                    "height" : 24,
                    "heightType" : 0,
                    "hueRotate" : 0,
                    "hueRotateEnabled" : 0,
                    "id" : "pty15R1om",
                    "intrinsicHeight" : 24,
                    "intrinsicWidth" : 24,
                    "invert" : 0,
                    "invertEnabled" : 0,
                    "left" : null,
                    "locked" : false,
                    "name" : null,
                    "opacity" : 1,
                    "originalid" : null,
                    "parentid" : "vVeK3dqRS",
                    "radius" : 0,
                    "radiusBottomLeft" : 0,
                    "radiusBottomRight" : 0,
                    "radiusIsRelative" : false,
                    "radiusPerCorner" : false,
                    "radiusTopLeft" : 0,
                    "radiusTopRight" : 0,
                    "right" : null,
                    "rotation" : 0,
                    "saturate" : 100,
                    "saturateEnabled" : 0,
                    "sepia" : 0,
                    "sepiaEnabled" : 0,
                    "top" : 8,
                    "visible" : true,
                    "width" : 20,
                    "widthType" : 0
                  },
                  {
                    "__class" : "TextNode",
                    "autoSize" : true,
                    "blur" : 12,
                    "blurEnabled" : 0,
                    "blurType" : "layer",
                    "bottom" : null,
                    "brightness" : 100,
                    "brightnessEnabled" : 0,
                    "centerAnchorX" : 0.50531914893617025,
                    "centerAnchorY" : 0.5,
                    "codeOverrideEnabled" : false,
                    "constraintsLocked" : false,
                    "contrast" : 100,
                    "contrastEnabled" : 0,
                    "exportOptions" : [

                    ],
                    "grayscale" : 0,
                    "grayScaleEnabled" : 0,
                    "height" : 16,
                    "heightType" : 0,
                    "hueRotate" : 0,
                    "hueRotateEnabled" : 0,
                    "id" : "FnBfDWMAK",
                    "invert" : 0,
                    "invertEnabled" : 0,
                    "isTarget" : false,
                    "left" : null,
                    "locked" : false,
                    "name" : null,
                    "opacity" : 1,
                    "originalid" : null,
                    "parentid" : "vVeK3dqRS",
                    "right" : null,
                    "rotation" : 0,
                    "saturate" : 100,
                    "saturateEnabled" : 0,
                    "sepia" : 0,
                    "sepiaEnabled" : 0,
                    "shadows" : [

                    ],
                    "styledText" : {
                      "__class" : "StyledTextDraft",
                      "blocks" : [
                        {
                          "data" : {
                            "emptyStyle" : [
                              "FONT:HelveticaNeue",
                              "COLOR:rgb(0, 0, 0)",
                              "LETTERSPACING:0",
                              "LINEHEIGHT:1.2",
                              "SIZE:14"
                            ]
                          },
                          "depth" : 0,
                          "entityRanges" : [

                          ],
                          "inlineStyleRanges" : [
                            {
                              "length" : 2,
                              "offset" : 0,
                              "style" : "FONT:HelveticaNeue"
                            },
                            {
                              "length" : 2,
                              "offset" : 0,
                              "style" : "COLOR:rgb(0, 0, 0)"
                            },
                            {
                              "length" : 2,
                              "offset" : 0,
                              "style" : "LETTERSPACING:0"
                            },
                            {
                              "length" : 2,
                              "offset" : 0,
                              "style" : "LINEHEIGHT:1.2"
                            },
                            {
                              "length" : 2,
                              "offset" : 0,
                              "style" : "SIZE:14"
                            }
                          ],
                          "key" : "2o0cl",
                          "text" : "MY",
                          "type" : "unstyled"
                        }
                      ],
                      "cached" : {
                        "html" : "<div data-offset-key=\"2o0cl-0-0\" class=\"public-DraftStyleDefault-block public-DraftStyleDefault-ltr\"><span data-offset-key=\"2o0cl-0-0\" style=\"tab-size:4;font-weight:400;font-family:&quot;HelveticaNeue&quot;, &quot;Helvetica Neue&quot;, sans-serif;-webkit-text-fill-color:rgb(0, 0, 0);font-size:14px;letter-spacing:0px;line-height:1.2\"><span data-text=\"true\">MY<\/span><\/span><\/div>",
                        "os" : "10_14",
                        "size" : {
                          "height" : 16,
                          "width" : 23
                        },
                        "width" : 0
                      },
                      "entityMap" : {

                      }
                    },
                    "top" : null,
                    "visible" : true,
                    "width" : 23,
                    "widthType" : 0
                  }
                ],
                "clip" : false,
                "codeOverrideEnabled" : true,
                "codeOverrideFile" : ".\/App.tsx",
                "codeOverrideIdentifier" : ".\/App.tsx_TabMenu",
                "codeOverrideName" : "TabMenu",
                "constraintsLocked" : false,
                "contrast" : 100,
                "contrastEnabled" : 0,
                "deviceType" : null,
                "exportOptions" : [

                ],
                "fillColor" : "rgba(0, 153, 255, 0.5)",
                "fillEnabled" : false,
                "fillGradient" : {
                  "__class" : "LinearGradient",
                  "alpha" : 1,
                  "angle" : 0,
                  "end" : "rgba(0,0,0,0)",
                  "start" : "black"
                },
                "fillImage" : null,
                "fillImagePixelHeight" : null,
                "fillImagePixelWidth" : null,
                "fillImageResize" : "fill",
                "fillType" : "color",
                "grayscale" : 0,
                "grayScaleEnabled" : 0,
                "height" : 88,
                "heightType" : 0,
                "hueRotate" : 0,
                "hueRotateEnabled" : 0,
                "id" : "vVeK3dqRS",
                "intrinsicHeight" : null,
                "intrinsicWidth" : null,
                "invert" : 0,
                "invertEnabled" : 0,
                "isExternalMaster" : null,
                "isMaster" : false,
                "isTarget" : false,
                "left" : 0,
                "locked" : false,
                "name" : "a",
                "navigationTarget" : null,
                "navigationTransition" : "push",
                "navigationTransitionBackdropColor" : "rgba(4,4,15,.4)",
                "navigationTransitionDirection" : "left",
                "opacity" : 1,
                "originalid" : null,
                "parentid" : "KL6LS4zsP",
                "previewSettings" : null,
                "radius" : 0,
                "radiusBottomLeft" : 0,
                "radiusBottomRight" : 0,
                "radiusIsRelative" : false,
                "radiusPerCorner" : false,
                "radiusTopLeft" : 0,
                "radiusTopRight" : 0,
                "replicaInfo" : null,
                "right" : null,
                "rotation" : 0,
                "saturate" : 100,
                "saturateEnabled" : 0,
                "sepia" : 0,
                "sepiaEnabled" : 0,
                "top" : 0,
                "visible" : true,
                "width" : 94,
                "widthType" : 0
              },
              {
                "__class" : "FrameNode",
                "aspectRatio" : null,
                "blendingEnabled" : 0,
                "blendingMode" : "normal",
                "blur" : 12,
                "blurEnabled" : 0,
                "blurType" : "layer",
                "borderBottom" : 1,
                "borderColor" : "#222",
                "borderEnabled" : 0,
                "borderLeft" : 1,
                "borderPerSide" : false,
                "borderRight" : 1,
                "borderStyle" : "solid",
                "borderTop" : 1,
                "borderWidth" : 1,
                "bottom" : 0,
                "boxShadows" : [

                ],
                "brightness" : 100,
                "brightnessEnabled" : 0,
                "centerAnchorX" : 0.37333333333333335,
                "centerAnchorY" : 0.5,
                "children" : [
                  {
                    "__class" : "CodeComponentNode",
                    "aspectRatio" : null,
                    "blur" : 12,
                    "blurEnabled" : 0,
                    "blurType" : "layer",
                    "borderBottom" : 1,
                    "borderColor" : "#222",
                    "borderEnabled" : 0,
                    "borderLeft" : 1,
                    "borderPerSide" : false,
                    "borderRight" : 1,
                    "borderStyle" : "solid",
                    "borderTop" : 1,
                    "borderWidth" : 1,
                    "bottom" : null,
                    "boxShadows" : [

                    ],
                    "brightness" : 100,
                    "brightnessEnabled" : 0,
                    "centerAnchorX" : 0.48936170212765956,
                    "centerAnchorY" : 0.22727272727272727,
                    "children" : [

                    ],
                    "clip" : true,
                    "codeComponentIdentifier" : "@framer\/benjamin.icon-generator\/.\/Icon.tsx_Icon",
                    "codeComponentProps" : {
                      "color" : "#000",
                      "icon" : "star",
                      "set" : "feather"
                    },
                    "codeOverrideEnabled" : false,
                    "constraintsLocked" : false,
                    "contrast" : 100,
                    "contrastEnabled" : 0,
                    "exportOptions" : [

                    ],
                    "fillColor" : "rgba(255,255,255,1)",
                    "fillEnabled" : false,
                    "fillGradient" : {
                      "__class" : "LinearGradient",
                      "alpha" : 1,
                      "angle" : 0,
                      "end" : "rgba(0,0,0,0)",
                      "start" : "black"
                    },
                    "fillImage" : null,
                    "fillImagePixelHeight" : null,
                    "fillImagePixelWidth" : null,
                    "fillImageResize" : "fill",
                    "fillType" : "color",
                    "grayscale" : 0,
                    "grayScaleEnabled" : 0,
                    "height" : 24,
                    "heightType" : 0,
                    "hueRotate" : 0,
                    "hueRotateEnabled" : 0,
                    "id" : "DkX_CG9uw",
                    "intrinsicHeight" : 24,
                    "intrinsicWidth" : 24,
                    "invert" : 0,
                    "invertEnabled" : 0,
                    "left" : null,
                    "locked" : false,
                    "name" : null,
                    "opacity" : 1,
                    "originalid" : null,
                    "parentid" : "I5d9ESerO",
                    "radius" : 0,
                    "radiusBottomLeft" : 0,
                    "radiusBottomRight" : 0,
                    "radiusIsRelative" : false,
                    "radiusPerCorner" : false,
                    "radiusTopLeft" : 0,
                    "radiusTopRight" : 0,
                    "right" : null,
                    "rotation" : 0,
                    "saturate" : 100,
                    "saturateEnabled" : 0,
                    "sepia" : 0,
                    "sepiaEnabled" : 0,
                    "top" : 8,
                    "visible" : true,
                    "width" : 20,
                    "widthType" : 0
                  },
                  {
                    "__class" : "TextNode",
                    "autoSize" : true,
                    "blur" : 12,
                    "blurEnabled" : 0,
                    "blurType" : "layer",
                    "bottom" : null,
                    "brightness" : 100,
                    "brightnessEnabled" : 0,
                    "centerAnchorX" : 0.5,
                    "centerAnchorY" : 0.5,
                    "codeOverrideEnabled" : false,
                    "constraintsLocked" : false,
                    "contrast" : 100,
                    "contrastEnabled" : 0,
                    "exportOptions" : [

                    ],
                    "grayscale" : 0,
                    "grayScaleEnabled" : 0,
                    "height" : 16,
                    "heightType" : 0,
                    "hueRotate" : 0,
                    "hueRotateEnabled" : 0,
                    "id" : "EEMnocxQy",
                    "invert" : 0,
                    "invertEnabled" : 0,
                    "isTarget" : false,
                    "left" : null,
                    "locked" : false,
                    "name" : null,
                    "opacity" : 1,
                    "originalid" : null,
                    "parentid" : "I5d9ESerO",
                    "right" : null,
                    "rotation" : 0,
                    "saturate" : 100,
                    "saturateEnabled" : 0,
                    "sepia" : 0,
                    "sepiaEnabled" : 0,
                    "shadows" : [

                    ],
                    "styledText" : {
                      "__class" : "StyledTextDraft",
                      "blocks" : [
                        {
                          "data" : {
                            "emptyStyle" : [
                              "SIZE:14"
                            ]
                          },
                          "depth" : 0,
                          "entityRanges" : [

                          ],
                          "inlineStyleRanges" : [
                            {
                              "length" : 2,
                              "offset" : 0,
                              "style" : "SIZE:14"
                            }
                          ],
                          "key" : "2o0cl",
                          "text" : "추천",
                          "type" : "unstyled"
                        }
                      ],
                      "cached" : {
                        "html" : "<div data-offset-key=\"2o0cl-0-0\" class=\"public-DraftStyleDefault-block public-DraftStyleDefault-ltr\"><span data-offset-key=\"2o0cl-0-0\" style=\"tab-size:4;font-weight:400;font-family:&quot;HelveticaNeue&quot;, &quot;Helvetica Neue&quot;, sans-serif;-webkit-text-fill-color:rgb(0, 0, 0);font-size:14px;letter-spacing:0px;line-height:1.2\"><span data-text=\"true\">추천<\/span><\/span><\/div>",
                        "os" : "10_14",
                        "size" : {
                          "height" : 16,
                          "width" : 26
                        },
                        "width" : 0
                      },
                      "entityMap" : {

                      }
                    },
                    "top" : null,
                    "visible" : true,
                    "width" : 26,
                    "widthType" : 0
                  }
                ],
                "clip" : false,
                "codeOverrideEnabled" : true,
                "codeOverrideFile" : ".\/App.tsx",
                "codeOverrideIdentifier" : ".\/App.tsx_TabMenu",
                "codeOverrideName" : "TabMenu",
                "constraintsLocked" : false,
                "contrast" : 100,
                "contrastEnabled" : 0,
                "deviceType" : null,
                "exportOptions" : [

                ],
                "fillColor" : "rgba(0, 153, 255, 0.5)",
                "fillEnabled" : false,
                "fillGradient" : {
                  "__class" : "LinearGradient",
                  "alpha" : 1,
                  "angle" : 0,
                  "end" : "rgba(0,0,0,0)",
                  "start" : "black"
                },
                "fillImage" : null,
                "fillImagePixelHeight" : null,
                "fillImagePixelWidth" : null,
                "fillImageResize" : "fill",
                "fillType" : "color",
                "grayscale" : 0,
                "grayScaleEnabled" : 0,
                "height" : 88,
                "heightType" : 0,
                "hueRotate" : 0,
                "hueRotateEnabled" : 0,
                "id" : "I5d9ESerO",
                "intrinsicHeight" : null,
                "intrinsicWidth" : null,
                "invert" : 0,
                "invertEnabled" : 0,
                "isExternalMaster" : null,
                "isMaster" : false,
                "isTarget" : false,
                "left" : 93,
                "locked" : false,
                "name" : "b",
                "navigationTarget" : null,
                "navigationTransition" : "push",
                "navigationTransitionBackdropColor" : "rgba(4,4,15,.4)",
                "navigationTransitionDirection" : "left",
                "opacity" : 1,
                "originalid" : null,
                "parentid" : "KL6LS4zsP",
                "previewSettings" : null,
                "radius" : 0,
                "radiusBottomLeft" : 0,
                "radiusBottomRight" : 0,
                "radiusIsRelative" : false,
                "radiusPerCorner" : false,
                "radiusTopLeft" : 0,
                "radiusTopRight" : 0,
                "replicaInfo" : null,
                "right" : null,
                "rotation" : 0,
                "saturate" : 100,
                "saturateEnabled" : 0,
                "sepia" : 0,
                "sepiaEnabled" : 0,
                "top" : 0,
                "visible" : true,
                "width" : 94,
                "widthType" : 0
              },
              {
                "__class" : "FrameNode",
                "aspectRatio" : null,
                "blendingEnabled" : 0,
                "blendingMode" : "normal",
                "blur" : 12,
                "blurEnabled" : 0,
                "blurType" : "layer",
                "borderBottom" : 1,
                "borderColor" : "#222",
                "borderEnabled" : 0,
                "borderLeft" : 1,
                "borderPerSide" : false,
                "borderRight" : 1,
                "borderStyle" : "solid",
                "borderTop" : 1,
                "borderWidth" : 1,
                "bottom" : 0,
                "boxShadows" : [

                ],
                "brightness" : 100,
                "brightnessEnabled" : 0,
                "centerAnchorX" : 0.624,
                "centerAnchorY" : 0.5,
                "children" : [
                  {
                    "__class" : "CodeComponentNode",
                    "aspectRatio" : null,
                    "blur" : 12,
                    "blurEnabled" : 0,
                    "blurType" : "layer",
                    "borderBottom" : 1,
                    "borderColor" : "#222",
                    "borderEnabled" : 0,
                    "borderLeft" : 1,
                    "borderPerSide" : false,
                    "borderRight" : 1,
                    "borderStyle" : "solid",
                    "borderTop" : 1,
                    "borderWidth" : 1,
                    "bottom" : null,
                    "boxShadows" : [

                    ],
                    "brightness" : 100,
                    "brightnessEnabled" : 0,
                    "centerAnchorX" : 0.5,
                    "centerAnchorY" : 0.22727272727272727,
                    "children" : [

                    ],
                    "clip" : true,
                    "codeComponentIdentifier" : "@framer\/benjamin.icon-generator\/.\/Icon.tsx_Icon",
                    "codeComponentProps" : {
                      "color" : "#000",
                      "icon" : "book",
                      "set" : "feather"
                    },
                    "codeOverrideEnabled" : false,
                    "constraintsLocked" : false,
                    "contrast" : 100,
                    "contrastEnabled" : 0,
                    "exportOptions" : [

                    ],
                    "fillColor" : "rgba(255,255,255,1)",
                    "fillEnabled" : false,
                    "fillGradient" : {
                      "__class" : "LinearGradient",
                      "alpha" : 1,
                      "angle" : 0,
                      "end" : "rgba(0,0,0,0)",
                      "start" : "black"
                    },
                    "fillImage" : null,
                    "fillImagePixelHeight" : null,
                    "fillImagePixelWidth" : null,
                    "fillImageResize" : "fill",
                    "fillType" : "color",
                    "grayscale" : 0,
                    "grayScaleEnabled" : 0,
                    "height" : 24,
                    "heightType" : 0,
                    "hueRotate" : 0,
                    "hueRotateEnabled" : 0,
                    "id" : "ViA11FOKv",
                    "intrinsicHeight" : 24,
                    "intrinsicWidth" : 24,
                    "invert" : 0,
                    "invertEnabled" : 0,
                    "left" : null,
                    "locked" : false,
                    "name" : null,
                    "opacity" : 1,
                    "originalid" : null,
                    "parentid" : "KMgXCvxyo",
                    "radius" : 0,
                    "radiusBottomLeft" : 0,
                    "radiusBottomRight" : 0,
                    "radiusIsRelative" : false,
                    "radiusPerCorner" : false,
                    "radiusTopLeft" : 0,
                    "radiusTopRight" : 0,
                    "right" : null,
                    "rotation" : 0,
                    "saturate" : 100,
                    "saturateEnabled" : 0,
                    "sepia" : 0,
                    "sepiaEnabled" : 0,
                    "top" : 8,
                    "visible" : true,
                    "width" : 20,
                    "widthType" : 0
                  },
                  {
                    "__class" : "TextNode",
                    "autoSize" : true,
                    "blur" : 12,
                    "blurEnabled" : 0,
                    "blurType" : "layer",
                    "bottom" : null,
                    "brightness" : 100,
                    "brightnessEnabled" : 0,
                    "centerAnchorX" : 0.5,
                    "centerAnchorY" : 0.5,
                    "codeOverrideEnabled" : false,
                    "constraintsLocked" : false,
                    "contrast" : 100,
                    "contrastEnabled" : 0,
                    "exportOptions" : [

                    ],
                    "grayscale" : 0,
                    "grayScaleEnabled" : 0,
                    "height" : 16,
                    "heightType" : 0,
                    "hueRotate" : 0,
                    "hueRotateEnabled" : 0,
                    "id" : "KlGN8l__Z",
                    "invert" : 0,
                    "invertEnabled" : 0,
                    "isTarget" : false,
                    "left" : null,
                    "locked" : false,
                    "name" : null,
                    "opacity" : 1,
                    "originalid" : null,
                    "parentid" : "KMgXCvxyo",
                    "right" : null,
                    "rotation" : 0,
                    "saturate" : 100,
                    "saturateEnabled" : 0,
                    "sepia" : 0,
                    "sepiaEnabled" : 0,
                    "shadows" : [

                    ],
                    "styledText" : {
                      "__class" : "StyledTextDraft",
                      "blocks" : [
                        {
                          "data" : {
                            "emptyStyle" : [
                              "SIZE:14"
                            ]
                          },
                          "depth" : 0,
                          "entityRanges" : [

                          ],
                          "inlineStyleRanges" : [
                            {
                              "length" : 3,
                              "offset" : 0,
                              "style" : "SIZE:14"
                            }
                          ],
                          "key" : "2o0cl",
                          "text" : "가이드",
                          "type" : "unstyled"
                        }
                      ],
                      "cached" : {
                        "html" : "<div data-offset-key=\"2o0cl-0-0\" class=\"public-DraftStyleDefault-block public-DraftStyleDefault-ltr\"><span data-offset-key=\"2o0cl-0-0\" style=\"tab-size:4;font-weight:400;font-family:&quot;HelveticaNeue&quot;, &quot;Helvetica Neue&quot;, sans-serif;-webkit-text-fill-color:rgb(0, 0, 0);font-size:14px;letter-spacing:0px;line-height:1.2\"><span data-text=\"true\">가이드<\/span><\/span><\/div>",
                        "os" : "10_14",
                        "size" : {
                          "height" : 16,
                          "width" : 38
                        },
                        "width" : 0
                      },
                      "entityMap" : {

                      }
                    },
                    "top" : null,
                    "visible" : true,
                    "width" : 38,
                    "widthType" : 0
                  }
                ],
                "clip" : false,
                "codeOverrideEnabled" : true,
                "codeOverrideFile" : ".\/App.tsx",
                "codeOverrideIdentifier" : ".\/App.tsx_TabMenu",
                "codeOverrideName" : "TabMenu",
                "constraintsLocked" : false,
                "contrast" : 100,
                "contrastEnabled" : 0,
                "deviceType" : null,
                "exportOptions" : [

                ],
                "fillColor" : "rgba(0, 153, 255, 0.5)",
                "fillEnabled" : false,
                "fillGradient" : {
                  "__class" : "LinearGradient",
                  "alpha" : 1,
                  "angle" : 0,
                  "end" : "rgba(0,0,0,0)",
                  "start" : "black"
                },
                "fillImage" : null,
                "fillImagePixelHeight" : null,
                "fillImagePixelWidth" : null,
                "fillImageResize" : "fill",
                "fillType" : "color",
                "grayscale" : 0,
                "grayScaleEnabled" : 0,
                "height" : 88,
                "heightType" : 0,
                "hueRotate" : 0,
                "hueRotateEnabled" : 0,
                "id" : "KMgXCvxyo",
                "intrinsicHeight" : null,
                "intrinsicWidth" : null,
                "invert" : 0,
                "invertEnabled" : 0,
                "isExternalMaster" : null,
                "isMaster" : false,
                "isTarget" : false,
                "left" : null,
                "locked" : false,
                "name" : "c",
                "navigationTarget" : null,
                "navigationTransition" : "push",
                "navigationTransitionBackdropColor" : "rgba(4,4,15,.4)",
                "navigationTransitionDirection" : "left",
                "opacity" : 1,
                "originalid" : null,
                "parentid" : "KL6LS4zsP",
                "previewSettings" : null,
                "radius" : 0,
                "radiusBottomLeft" : 0,
                "radiusBottomRight" : 0,
                "radiusIsRelative" : false,
                "radiusPerCorner" : false,
                "radiusTopLeft" : 0,
                "radiusTopRight" : 0,
                "replicaInfo" : null,
                "right" : 94,
                "rotation" : 0,
                "saturate" : 100,
                "saturateEnabled" : 0,
                "sepia" : 0,
                "sepiaEnabled" : 0,
                "top" : 0,
                "visible" : true,
                "width" : 94,
                "widthType" : 0
              },
              {
                "__class" : "FrameNode",
                "aspectRatio" : null,
                "blendingEnabled" : 0,
                "blendingMode" : "normal",
                "blur" : 12,
                "blurEnabled" : 0,
                "blurType" : "layer",
                "borderBottom" : 1,
                "borderColor" : "#222",
                "borderEnabled" : 0,
                "borderLeft" : 1,
                "borderPerSide" : false,
                "borderRight" : 1,
                "borderStyle" : "solid",
                "borderTop" : 1,
                "borderWidth" : 1,
                "bottom" : 0,
                "boxShadows" : [

                ],
                "brightness" : 100,
                "brightnessEnabled" : 0,
                "centerAnchorX" : 0.8746666666666667,
                "centerAnchorY" : 0.5,
                "children" : [
                  {
                    "__class" : "CodeComponentNode",
                    "aspectRatio" : null,
                    "blur" : 12,
                    "blurEnabled" : 0,
                    "blurType" : "layer",
                    "borderBottom" : 1,
                    "borderColor" : "#222",
                    "borderEnabled" : 0,
                    "borderLeft" : 1,
                    "borderPerSide" : false,
                    "borderRight" : 1,
                    "borderStyle" : "solid",
                    "borderTop" : 1,
                    "borderWidth" : 1,
                    "bottom" : null,
                    "boxShadows" : [

                    ],
                    "brightness" : 100,
                    "brightnessEnabled" : 0,
                    "centerAnchorX" : 0.5,
                    "centerAnchorY" : 0.22727272727272727,
                    "children" : [

                    ],
                    "clip" : true,
                    "codeComponentIdentifier" : "@framer\/benjamin.icon-generator\/.\/Icon.tsx_Icon",
                    "codeComponentProps" : {
                      "color" : "#000",
                      "icon" : "menu",
                      "set" : "feather"
                    },
                    "codeOverrideEnabled" : false,
                    "constraintsLocked" : false,
                    "contrast" : 100,
                    "contrastEnabled" : 0,
                    "exportOptions" : [

                    ],
                    "fillColor" : "rgba(255,255,255,1)",
                    "fillEnabled" : false,
                    "fillGradient" : {
                      "__class" : "LinearGradient",
                      "alpha" : 1,
                      "angle" : 0,
                      "end" : "rgba(0,0,0,0)",
                      "start" : "black"
                    },
                    "fillImage" : null,
                    "fillImagePixelHeight" : null,
                    "fillImagePixelWidth" : null,
                    "fillImageResize" : "fill",
                    "fillType" : "color",
                    "grayscale" : 0,
                    "grayScaleEnabled" : 0,
                    "height" : 24,
                    "heightType" : 0,
                    "hueRotate" : 0,
                    "hueRotateEnabled" : 0,
                    "id" : "qLePTK3ut",
                    "intrinsicHeight" : 24,
                    "intrinsicWidth" : 24,
                    "invert" : 0,
                    "invertEnabled" : 0,
                    "left" : null,
                    "locked" : false,
                    "name" : null,
                    "opacity" : 1,
                    "originalid" : null,
                    "parentid" : "i8IeuF3xw",
                    "radius" : 0,
                    "radiusBottomLeft" : 0,
                    "radiusBottomRight" : 0,
                    "radiusIsRelative" : false,
                    "radiusPerCorner" : false,
                    "radiusTopLeft" : 0,
                    "radiusTopRight" : 0,
                    "right" : null,
                    "rotation" : 0,
                    "saturate" : 100,
                    "saturateEnabled" : 0,
                    "sepia" : 0,
                    "sepiaEnabled" : 0,
                    "top" : 8,
                    "visible" : true,
                    "width" : 20,
                    "widthType" : 0
                  },
                  {
                    "__class" : "TextNode",
                    "autoSize" : true,
                    "blur" : 12,
                    "blurEnabled" : 0,
                    "blurType" : "layer",
                    "bottom" : null,
                    "brightness" : 100,
                    "brightnessEnabled" : 0,
                    "centerAnchorX" : 0.5,
                    "centerAnchorY" : 0.5,
                    "codeOverrideEnabled" : false,
                    "constraintsLocked" : false,
                    "contrast" : 100,
                    "contrastEnabled" : 0,
                    "exportOptions" : [

                    ],
                    "grayscale" : 0,
                    "grayScaleEnabled" : 0,
                    "height" : 16,
                    "heightType" : 0,
                    "hueRotate" : 0,
                    "hueRotateEnabled" : 0,
                    "id" : "hkX3caz8N",
                    "invert" : 0,
                    "invertEnabled" : 0,
                    "isTarget" : false,
                    "left" : null,
                    "locked" : false,
                    "name" : null,
                    "opacity" : 1,
                    "originalid" : null,
                    "parentid" : "i8IeuF3xw",
                    "right" : null,
                    "rotation" : 0,
                    "saturate" : 100,
                    "saturateEnabled" : 0,
                    "sepia" : 0,
                    "sepiaEnabled" : 0,
                    "shadows" : [

                    ],
                    "styledText" : {
                      "__class" : "StyledTextDraft",
                      "blocks" : [
                        {
                          "data" : {
                            "emptyStyle" : [
                              "SIZE:14"
                            ]
                          },
                          "depth" : 0,
                          "entityRanges" : [

                          ],
                          "inlineStyleRanges" : [
                            {
                              "length" : 2,
                              "offset" : 0,
                              "style" : "SIZE:14"
                            }
                          ],
                          "key" : "2o0cl",
                          "text" : "전체",
                          "type" : "unstyled"
                        }
                      ],
                      "cached" : {
                        "html" : "<div data-offset-key=\"2o0cl-0-0\" class=\"public-DraftStyleDefault-block public-DraftStyleDefault-ltr\"><span data-offset-key=\"2o0cl-0-0\" style=\"tab-size:4;font-weight:400;font-family:&quot;HelveticaNeue&quot;, &quot;Helvetica Neue&quot;, sans-serif;-webkit-text-fill-color:rgb(0, 0, 0);font-size:14px;letter-spacing:0px;line-height:1.2\"><span data-text=\"true\">전체<\/span><\/span><\/div>",
                        "os" : "10_14",
                        "size" : {
                          "height" : 16,
                          "width" : 26
                        },
                        "width" : 0
                      },
                      "entityMap" : {

                      }
                    },
                    "top" : null,
                    "visible" : true,
                    "width" : 26,
                    "widthType" : 0
                  }
                ],
                "clip" : false,
                "codeOverrideEnabled" : true,
                "codeOverrideFile" : ".\/App.tsx",
                "codeOverrideIdentifier" : ".\/App.tsx_TabMenu",
                "codeOverrideName" : "TabMenu",
                "constraintsLocked" : false,
                "contrast" : 100,
                "contrastEnabled" : 0,
                "deviceType" : null,
                "exportOptions" : [

                ],
                "fillColor" : "rgba(0, 153, 255, 0.5)",
                "fillEnabled" : false,
                "fillGradient" : {
                  "__class" : "LinearGradient",
                  "alpha" : 1,
                  "angle" : 0,
                  "end" : "rgba(0,0,0,0)",
                  "start" : "black"
                },
                "fillImage" : null,
                "fillImagePixelHeight" : null,
                "fillImagePixelWidth" : null,
                "fillImageResize" : "fill",
                "fillType" : "color",
                "grayscale" : 0,
                "grayScaleEnabled" : 0,
                "height" : 88,
                "heightType" : 0,
                "hueRotate" : 0,
                "hueRotateEnabled" : 0,
                "id" : "i8IeuF3xw",
                "intrinsicHeight" : null,
                "intrinsicWidth" : null,
                "invert" : 0,
                "invertEnabled" : 0,
                "isExternalMaster" : null,
                "isMaster" : false,
                "isTarget" : false,
                "left" : null,
                "locked" : false,
                "name" : "d",
                "navigationTarget" : null,
                "navigationTransition" : "push",
                "navigationTransitionBackdropColor" : "rgba(4,4,15,.4)",
                "navigationTransitionDirection" : "left",
                "opacity" : 1,
                "originalid" : null,
                "parentid" : "KL6LS4zsP",
                "previewSettings" : null,
                "radius" : 0,
                "radiusBottomLeft" : 0,
                "radiusBottomRight" : 0,
                "radiusIsRelative" : false,
                "radiusPerCorner" : false,
                "radiusTopLeft" : 0,
                "radiusTopRight" : 0,
                "replicaInfo" : null,
                "right" : 0,
                "rotation" : 0,
                "saturate" : 100,
                "saturateEnabled" : 0,
                "sepia" : 0,
                "sepiaEnabled" : 0,
                "top" : 0,
                "visible" : true,
                "width" : 94,
                "widthType" : 0
              }
            ],
            "clip" : false,
            "codeOverrideEnabled" : true,
            "codeOverrideFile" : ".\/App.tsx",
            "codeOverrideIdentifier" : ".\/App.tsx_TabBar",
            "codeOverrideName" : "TabBar",
            "constraintsLocked" : false,
            "contrast" : 100,
            "contrastEnabled" : 0,
            "deviceType" : null,
            "exportOptions" : [

            ],
            "fillColor" : "rgb(255, 255, 255)",
            "fillEnabled" : true,
            "fillGradient" : {
              "__class" : "LinearGradient",
              "alpha" : 1,
              "angle" : 0,
              "end" : "rgba(0,0,0,0)",
              "start" : "black"
            },
            "fillImage" : null,
            "fillImagePixelHeight" : null,
            "fillImagePixelWidth" : null,
            "fillImageResize" : "fill",
            "fillType" : "color",
            "grayscale" : 0,
            "grayScaleEnabled" : 0,
            "height" : 88,
            "heightType" : 0,
            "hueRotate" : 0,
            "hueRotateEnabled" : 0,
            "id" : "KL6LS4zsP",
            "intrinsicHeight" : null,
            "intrinsicWidth" : null,
            "invert" : 0,
            "invertEnabled" : 0,
            "isExternalMaster" : null,
            "isMaster" : false,
            "isTarget" : false,
            "left" : 0,
            "locked" : false,
            "name" : "tab",
            "navigationTarget" : null,
            "navigationTransition" : "push",
            "navigationTransitionBackdropColor" : "rgba(4,4,15,.4)",
            "navigationTransitionDirection" : "left",
            "opacity" : 1,
            "originalid" : null,
            "parentid" : "OtCI_bDND",
            "previewSettings" : null,
            "radius" : 0,
            "radiusBottomLeft" : 0,
            "radiusBottomRight" : 0,
            "radiusIsRelative" : false,
            "radiusPerCorner" : false,
            "radiusTopLeft" : 0,
            "radiusTopRight" : 0,
            "replicaInfo" : null,
            "right" : 0,
            "rotation" : 0,
            "saturate" : 100,
            "saturateEnabled" : 0,
            "sepia" : 0,
            "sepiaEnabled" : 0,
            "top" : null,
            "visible" : true,
            "width" : 375,
            "widthType" : 0
          },
          {
            "__class" : "CodeComponentNode",
            "aspectRatio" : null,
            "blur" : 12,
            "blurEnabled" : 0,
            "blurType" : "layer",
            "borderBottom" : 1,
            "borderColor" : "#222",
            "borderEnabled" : 0,
            "borderLeft" : 1,
            "borderPerSide" : false,
            "borderRight" : 1,
            "borderStyle" : "solid",
            "borderTop" : 1,
            "borderWidth" : 1,
            "bottom" : 0,
            "boxShadows" : [

            ],
            "brightness" : 100,
            "brightnessEnabled" : 0,
            "centerAnchorX" : 0.5,
            "centerAnchorY" : 0.97906403940886699,
            "children" : [

            ],
            "clip" : true,
            "codeComponentIdentifier" : "@framer\/kasimir.iphone-x-kit\/.\/Home Button (iPhone X)\/HomeButton.tsx_HomeButton",
            "codeComponentProps" : {
              "appearance" : "dark"
            },
            "codeOverrideEnabled" : false,
            "constraintsLocked" : false,
            "contrast" : 100,
            "contrastEnabled" : 0,
            "exportOptions" : [

            ],
            "fillColor" : "rgba(255,255,255,1)",
            "fillEnabled" : false,
            "fillGradient" : {
              "__class" : "LinearGradient",
              "alpha" : 1,
              "angle" : 0,
              "end" : "rgba(0,0,0,0)",
              "start" : "black"
            },
            "fillImage" : null,
            "fillImagePixelHeight" : null,
            "fillImagePixelWidth" : null,
            "fillImageResize" : "fill",
            "fillType" : "color",
            "grayscale" : 0,
            "grayScaleEnabled" : 0,
            "height" : 34,
            "heightType" : 0,
            "hueRotate" : 0,
            "hueRotateEnabled" : 0,
            "id" : "yr9fgXSvM",
            "intrinsicHeight" : 34,
            "intrinsicWidth" : 375,
            "invert" : 0,
            "invertEnabled" : 0,
            "left" : 0,
            "locked" : false,
            "name" : null,
            "opacity" : 1,
            "originalid" : null,
            "parentid" : "OtCI_bDND",
            "radius" : 0,
            "radiusBottomLeft" : 0,
            "radiusBottomRight" : 0,
            "radiusIsRelative" : false,
            "radiusPerCorner" : false,
            "radiusTopLeft" : 0,
            "radiusTopRight" : 0,
            "right" : 0,
            "rotation" : 0,
            "saturate" : 100,
            "saturateEnabled" : 0,
            "sepia" : 0,
            "sepiaEnabled" : 0,
            "top" : null,
            "visible" : true,
            "width" : 375,
            "widthType" : 0
          },
          {
            "__class" : "CodeComponentNode",
            "aspectRatio" : null,
            "blur" : 12,
            "blurEnabled" : 0,
            "blurType" : "layer",
            "borderBottom" : 1,
            "borderColor" : "#222",
            "borderEnabled" : 0,
            "borderLeft" : 1,
            "borderPerSide" : false,
            "borderRight" : 1,
            "borderStyle" : "solid",
            "borderTop" : 1,
            "borderWidth" : 1,
            "bottom" : null,
            "boxShadows" : [

            ],
            "brightness" : 100,
            "brightnessEnabled" : 0,
            "centerAnchorX" : 0.5,
            "centerAnchorY" : 0.027093596059113302,
            "children" : [

            ],
            "clip" : true,
            "codeComponentIdentifier" : "@framer\/kasimir.iphone-x-kit\/.\/Status Bar\/Status_Bar.tsx_StatusBar",
            "codeComponentProps" : {
              "appearance" : "dark",
              "back" : "",
              "batteryLevel" : 100,
              "liveTime" : true,
              "location" : "none",
              "mode" : "transparent",
              "signalLevel" : 100,
              "time" : "18.00",
              "twelveHour" : true,
              "wifiLevel" : 100
            },
            "codeOverrideEnabled" : false,
            "constraintsLocked" : false,
            "contrast" : 100,
            "contrastEnabled" : 0,
            "exportOptions" : [

            ],
            "fillColor" : "rgba(255,255,255,1)",
            "fillEnabled" : false,
            "fillGradient" : {
              "__class" : "LinearGradient",
              "alpha" : 1,
              "angle" : 0,
              "end" : "rgba(0,0,0,0)",
              "start" : "black"
            },
            "fillImage" : null,
            "fillImagePixelHeight" : null,
            "fillImagePixelWidth" : null,
            "fillImageResize" : "fill",
            "fillType" : "color",
            "grayscale" : 0,
            "grayScaleEnabled" : 0,
            "height" : 44,
            "heightType" : 0,
            "hueRotate" : 0,
            "hueRotateEnabled" : 0,
            "id" : "VMRi4ZYaX",
            "intrinsicHeight" : 44,
            "intrinsicWidth" : 375,
            "invert" : 0,
            "invertEnabled" : 0,
            "left" : 0,
            "locked" : false,
            "name" : null,
            "opacity" : 1,
            "originalid" : null,
            "parentid" : "OtCI_bDND",
            "radius" : 0,
            "radiusBottomLeft" : 0,
            "radiusBottomRight" : 0,
            "radiusIsRelative" : false,
            "radiusPerCorner" : false,
            "radiusTopLeft" : 0,
            "radiusTopRight" : 0,
            "right" : 0,
            "rotation" : 0,
            "saturate" : 100,
            "saturateEnabled" : 0,
            "sepia" : 0,
            "sepiaEnabled" : 0,
            "top" : 0,
            "visible" : true,
            "width" : 375,
            "widthType" : 0
          }
        ],
        "clip" : true,
        "codeOverrideEnabled" : false,
        "constraintsLocked" : false,
        "contrast" : 100,
        "contrastEnabled" : 0,
        "deviceType" : "framer\/FramerAppleIPhoneXS",
        "exportOptions" : [

        ],
        "fillColor" : "rgba(255,255,255,1)",
        "fillEnabled" : true,
        "fillGradient" : {
          "__class" : "LinearGradient",
          "alpha" : 1,
          "angle" : 0,
          "end" : "rgba(0,0,0,0)",
          "start" : "black"
        },
        "fillImage" : null,
        "fillImagePixelHeight" : null,
        "fillImagePixelWidth" : null,
        "fillImageResize" : "fill",
        "fillType" : "color",
        "grayscale" : 0,
        "grayScaleEnabled" : 0,
        "height" : 812,
        "heightType" : 0,
        "hueRotate" : 0,
        "hueRotateEnabled" : 0,
        "id" : "OtCI_bDND",
        "intrinsicHeight" : null,
        "intrinsicWidth" : null,
        "invert" : 0,
        "invertEnabled" : 0,
        "isExternalMaster" : null,
        "isMaster" : false,
        "isTarget" : false,
        "left" : 15,
        "locked" : false,
        "name" : "kakaobank",
        "navigationTarget" : null,
        "navigationTransition" : "push",
        "navigationTransitionBackdropColor" : "rgba(4,4,15,.4)",
        "navigationTransitionDirection" : "left",
        "opacity" : 1,
        "originalid" : null,
        "parentid" : "EcuGtp36c",
        "previewSettings" : null,
        "radius" : 0,
        "radiusBottomLeft" : 0,
        "radiusBottomRight" : 0,
        "radiusIsRelative" : false,
        "radiusPerCorner" : false,
        "radiusTopLeft" : 0,
        "radiusTopRight" : 0,
        "replicaInfo" : null,
        "right" : null,
        "rotation" : 0,
        "saturate" : 100,
        "saturateEnabled" : 0,
        "sepia" : 0,
        "sepiaEnabled" : 0,
        "top" : -453,
        "visible" : true,
        "width" : 375,
        "widthType" : 0
      },
      {
        "__class" : "FrameNode",
        "aspectRatio" : null,
        "blendingEnabled" : 0,
        "blendingMode" : "normal",
        "blur" : 12,
        "blurEnabled" : 0,
        "blurType" : "layer",
        "borderBottom" : 1,
        "borderColor" : "#222",
        "borderEnabled" : 0,
        "borderLeft" : 1,
        "borderPerSide" : false,
        "borderRight" : 1,
        "borderStyle" : "solid",
        "borderTop" : 1,
        "borderWidth" : 1,
        "bottom" : null,
        "boxShadows" : [

        ],
        "brightness" : 100,
        "brightnessEnabled" : 0,
        "centerAnchorX" : 0,
        "centerAnchorY" : 0,
        "children" : [
          {
            "__class" : "FrameNode",
            "aspectRatio" : 0.55174104953408531,
            "blendingEnabled" : 0,
            "blendingMode" : "normal",
            "blur" : 12,
            "blurEnabled" : 0,
            "blurType" : "layer",
            "borderBottom" : 1,
            "borderColor" : "#222",
            "borderEnabled" : 0,
            "borderLeft" : 1,
            "borderPerSide" : false,
            "borderRight" : 1,
            "borderStyle" : "solid",
            "borderTop" : 1,
            "borderWidth" : 1,
            "bottom" : 0,
            "boxShadows" : [

            ],
            "brightness" : 100,
            "brightnessEnabled" : 0,
            "centerAnchorX" : 0.5,
            "centerAnchorY" : 0.53103448275862064,
            "children" : [

            ],
            "clip" : false,
            "codeOverrideEnabled" : false,
            "constraintsLocked" : false,
            "contrast" : 100,
            "contrastEnabled" : 0,
            "deviceType" : null,
            "exportOptions" : [

            ],
            "fillColor" : "rgba(255,255,255,1)",
            "fillEnabled" : true,
            "fillGradient" : {
              "__class" : "LinearGradient",
              "alpha" : 1,
              "angle" : 0,
              "end" : "rgba(0,0,0,0)",
              "start" : "black"
            },
            "fillImage" : "0rmQb8Tph0Yi4IBi4chd2l95Slw.png",
            "fillImagePixelHeight" : 2039,
            "fillImagePixelWidth" : 1125,
            "fillImageResize" : "fill",
            "fillType" : "image",
            "grayscale" : 0,
            "grayScaleEnabled" : 0,
            "height" : 680,
            "heightType" : 0,
            "hueRotate" : 0,
            "hueRotateEnabled" : 0,
            "id" : "FTVf1lrmY",
            "intrinsicHeight" : 2039,
            "intrinsicWidth" : 1125,
            "invert" : 0,
            "invertEnabled" : 0,
            "isExternalMaster" : null,
            "isMaster" : false,
            "isTarget" : false,
            "left" : 0,
            "locked" : false,
            "name" : null,
            "navigationTarget" : null,
            "navigationTransition" : "push",
            "navigationTransitionBackdropColor" : "rgba(4,4,15,.4)",
            "navigationTransitionDirection" : "left",
            "opacity" : 1,
            "originalid" : null,
            "parentid" : "yWWHUz6Oj",
            "previewSettings" : null,
            "radius" : 0,
            "radiusBottomLeft" : 0,
            "radiusBottomRight" : 0,
            "radiusIsRelative" : false,
            "radiusPerCorner" : false,
            "radiusTopLeft" : 0,
            "radiusTopRight" : 0,
            "replicaInfo" : null,
            "right" : 0,
            "rotation" : 0,
            "saturate" : 100,
            "saturateEnabled" : 0,
            "sepia" : 0,
            "sepiaEnabled" : 0,
            "top" : null,
            "visible" : true,
            "width" : 375,
            "widthType" : 0
          }
        ],
        "clip" : true,
        "codeOverrideEnabled" : false,
        "constraintsLocked" : false,
        "contrast" : 100,
        "contrastEnabled" : 0,
        "deviceType" : null,
        "exportOptions" : [

        ],
        "fillColor" : "white",
        "fillEnabled" : true,
        "fillGradient" : {
          "__class" : "LinearGradient",
          "alpha" : 1,
          "angle" : 0,
          "end" : "rgba(0,0,0,0)",
          "start" : "black"
        },
        "fillImage" : null,
        "fillImagePixelHeight" : null,
        "fillImagePixelWidth" : null,
        "fillImageResize" : "fill",
        "fillType" : "color",
        "grayscale" : 0,
        "grayScaleEnabled" : 0,
        "height" : 725,
        "heightType" : 0,
        "hueRotate" : 0,
        "hueRotateEnabled" : 0,
        "id" : "yWWHUz6Oj",
        "intrinsicHeight" : null,
        "intrinsicWidth" : null,
        "invert" : 0,
        "invertEnabled" : 0,
        "isExternalMaster" : null,
        "isMaster" : false,
        "isTarget" : false,
        "left" : 487,
        "locked" : false,
        "name" : "one",
        "navigationTarget" : null,
        "navigationTransition" : "push",
        "navigationTransitionBackdropColor" : "rgba(4,4,15,.4)",
        "navigationTransitionDirection" : "left",
        "opacity" : 1,
        "originalid" : null,
        "parentid" : "EcuGtp36c",
        "previewSettings" : null,
        "radius" : 0,
        "radiusBottomLeft" : 0,
        "radiusBottomRight" : 0,
        "radiusIsRelative" : false,
        "radiusPerCorner" : false,
        "radiusTopLeft" : 0,
        "radiusTopRight" : 0,
        "replicaInfo" : null,
        "right" : null,
        "rotation" : 0,
        "saturate" : 100,
        "saturateEnabled" : 0,
        "sepia" : 0,
        "sepiaEnabled" : 0,
        "top" : -453,
        "visible" : true,
        "width" : 375,
        "widthType" : 0
      },
      {
        "__class" : "FrameNode",
        "aspectRatio" : null,
        "blendingEnabled" : 0,
        "blendingMode" : "normal",
        "blur" : 12,
        "blurEnabled" : 0,
        "blurType" : "layer",
        "borderBottom" : 1,
        "borderColor" : "#222",
        "borderEnabled" : 0,
        "borderLeft" : 1,
        "borderPerSide" : false,
        "borderRight" : 1,
        "borderStyle" : "solid",
        "borderTop" : 1,
        "borderWidth" : 1,
        "bottom" : null,
        "boxShadows" : [

        ],
        "brightness" : 100,
        "brightnessEnabled" : 0,
        "centerAnchorX" : 0,
        "centerAnchorY" : 0,
        "children" : [
          {
            "__class" : "FrameNode",
            "aspectRatio" : 0.55174104953408531,
            "blendingEnabled" : 0,
            "blendingMode" : "normal",
            "blur" : 12,
            "blurEnabled" : 0,
            "blurType" : "layer",
            "borderBottom" : 1,
            "borderColor" : "#222",
            "borderEnabled" : 0,
            "borderLeft" : 1,
            "borderPerSide" : false,
            "borderRight" : 1,
            "borderStyle" : "solid",
            "borderTop" : 1,
            "borderWidth" : 1,
            "bottom" : 0,
            "boxShadows" : [

            ],
            "brightness" : 100,
            "brightnessEnabled" : 0,
            "centerAnchorX" : 0.5,
            "centerAnchorY" : 0.53103448275862064,
            "children" : [

            ],
            "clip" : false,
            "codeOverrideEnabled" : false,
            "constraintsLocked" : false,
            "contrast" : 100,
            "contrastEnabled" : 0,
            "deviceType" : null,
            "exportOptions" : [

            ],
            "fillColor" : "rgba(255,255,255,1)",
            "fillEnabled" : true,
            "fillGradient" : {
              "__class" : "LinearGradient",
              "alpha" : 1,
              "angle" : 0,
              "end" : "rgba(0,0,0,0)",
              "start" : "black"
            },
            "fillImage" : "zp7VNaf9Lq0dcrwQChIt8CkOE.png",
            "fillImagePixelHeight" : 2039,
            "fillImagePixelWidth" : 1125,
            "fillImageResize" : "fill",
            "fillType" : "image",
            "grayscale" : 0,
            "grayScaleEnabled" : 0,
            "height" : 680,
            "heightType" : 0,
            "hueRotate" : 0,
            "hueRotateEnabled" : 0,
            "id" : "xICEZlihx",
            "intrinsicHeight" : 2039,
            "intrinsicWidth" : 1125,
            "invert" : 0,
            "invertEnabled" : 0,
            "isExternalMaster" : null,
            "isMaster" : false,
            "isTarget" : false,
            "left" : 0,
            "locked" : false,
            "name" : null,
            "navigationTarget" : null,
            "navigationTransition" : "push",
            "navigationTransitionBackdropColor" : "rgba(4,4,15,.4)",
            "navigationTransitionDirection" : "left",
            "opacity" : 1,
            "originalid" : null,
            "parentid" : "gfcwYWBPI",
            "previewSettings" : null,
            "radius" : 0,
            "radiusBottomLeft" : 0,
            "radiusBottomRight" : 0,
            "radiusIsRelative" : false,
            "radiusPerCorner" : false,
            "radiusTopLeft" : 0,
            "radiusTopRight" : 0,
            "replicaInfo" : null,
            "right" : 0,
            "rotation" : 0,
            "saturate" : 100,
            "saturateEnabled" : 0,
            "sepia" : 0,
            "sepiaEnabled" : 0,
            "top" : null,
            "visible" : true,
            "width" : 375,
            "widthType" : 0
          }
        ],
        "clip" : true,
        "codeOverrideEnabled" : false,
        "constraintsLocked" : false,
        "contrast" : 100,
        "contrastEnabled" : 0,
        "deviceType" : null,
        "exportOptions" : [

        ],
        "fillColor" : "white",
        "fillEnabled" : true,
        "fillGradient" : {
          "__class" : "LinearGradient",
          "alpha" : 1,
          "angle" : 0,
          "end" : "rgba(0,0,0,0)",
          "start" : "black"
        },
        "fillImage" : null,
        "fillImagePixelHeight" : null,
        "fillImagePixelWidth" : null,
        "fillImageResize" : "fill",
        "fillType" : "color",
        "grayscale" : 0,
        "grayScaleEnabled" : 0,
        "height" : 725,
        "heightType" : 0,
        "hueRotate" : 0,
        "hueRotateEnabled" : 0,
        "id" : "gfcwYWBPI",
        "intrinsicHeight" : null,
        "intrinsicWidth" : null,
        "invert" : 0,
        "invertEnabled" : 0,
        "isExternalMaster" : null,
        "isMaster" : false,
        "isTarget" : false,
        "left" : 959,
        "locked" : false,
        "name" : "four",
        "navigationTarget" : null,
        "navigationTransition" : "push",
        "navigationTransitionBackdropColor" : "rgba(4,4,15,.4)",
        "navigationTransitionDirection" : "left",
        "opacity" : 1,
        "originalid" : null,
        "parentid" : "EcuGtp36c",
        "previewSettings" : null,
        "radius" : 0,
        "radiusBottomLeft" : 0,
        "radiusBottomRight" : 0,
        "radiusIsRelative" : false,
        "radiusPerCorner" : false,
        "radiusTopLeft" : 0,
        "radiusTopRight" : 0,
        "replicaInfo" : null,
        "right" : null,
        "rotation" : 0,
        "saturate" : 100,
        "saturateEnabled" : 0,
        "sepia" : 0,
        "sepiaEnabled" : 0,
        "top" : 359,
        "visible" : true,
        "width" : 375,
        "widthType" : 0
      },
      {
        "__class" : "FrameNode",
        "aspectRatio" : null,
        "blendingEnabled" : 0,
        "blendingMode" : "normal",
        "blur" : 12,
        "blurEnabled" : 0,
        "blurType" : "layer",
        "borderBottom" : 1,
        "borderColor" : "#222",
        "borderEnabled" : 0,
        "borderLeft" : 1,
        "borderPerSide" : false,
        "borderRight" : 1,
        "borderStyle" : "solid",
        "borderTop" : 1,
        "borderWidth" : 1,
        "bottom" : null,
        "boxShadows" : [

        ],
        "brightness" : 100,
        "brightnessEnabled" : 0,
        "centerAnchorX" : 1.4546666666666668,
        "centerAnchorY" : 1.2255172413793103,
        "children" : [
          {
            "__class" : "FrameNode",
            "aspectRatio" : 0.55174104953408531,
            "blendingEnabled" : 0,
            "blendingMode" : "normal",
            "blur" : 12,
            "blurEnabled" : 0,
            "blurType" : "layer",
            "borderBottom" : 1,
            "borderColor" : "#222",
            "borderEnabled" : 0,
            "borderLeft" : 1,
            "borderPerSide" : false,
            "borderRight" : 1,
            "borderStyle" : "solid",
            "borderTop" : 1,
            "borderWidth" : 1,
            "bottom" : 0,
            "boxShadows" : [

            ],
            "brightness" : 100,
            "brightnessEnabled" : 0,
            "centerAnchorX" : 0.5,
            "centerAnchorY" : 0.53103448275862064,
            "children" : [

            ],
            "clip" : false,
            "codeOverrideEnabled" : false,
            "constraintsLocked" : false,
            "contrast" : 100,
            "contrastEnabled" : 0,
            "deviceType" : null,
            "exportOptions" : [

            ],
            "fillColor" : "rgba(255,255,255,1)",
            "fillEnabled" : true,
            "fillGradient" : {
              "__class" : "LinearGradient",
              "alpha" : 1,
              "angle" : 0,
              "end" : "rgba(0,0,0,0)",
              "start" : "black"
            },
            "fillImage" : "lRxumXkcsmHN9ACLVup0GcKokc.png",
            "fillImagePixelHeight" : 2039,
            "fillImagePixelWidth" : 1125,
            "fillImageResize" : "fill",
            "fillType" : "image",
            "grayscale" : 0,
            "grayScaleEnabled" : 0,
            "height" : 680,
            "heightType" : 0,
            "hueRotate" : 0,
            "hueRotateEnabled" : 0,
            "id" : "OiqP_sjPE",
            "intrinsicHeight" : 1019.5,
            "intrinsicWidth" : 562.5,
            "invert" : 0,
            "invertEnabled" : 0,
            "isExternalMaster" : null,
            "isMaster" : false,
            "isTarget" : false,
            "left" : 0,
            "locked" : false,
            "name" : null,
            "navigationTarget" : null,
            "navigationTransition" : "push",
            "navigationTransitionBackdropColor" : "rgba(4,4,15,.4)",
            "navigationTransitionDirection" : "left",
            "opacity" : 1,
            "originalid" : null,
            "parentid" : "Wxoz7UURd",
            "previewSettings" : null,
            "radius" : 0,
            "radiusBottomLeft" : 0,
            "radiusBottomRight" : 0,
            "radiusIsRelative" : false,
            "radiusPerCorner" : false,
            "radiusTopLeft" : 0,
            "radiusTopRight" : 0,
            "replicaInfo" : null,
            "right" : 0,
            "rotation" : 0,
            "saturate" : 100,
            "saturateEnabled" : 0,
            "sepia" : 0,
            "sepiaEnabled" : 0,
            "top" : null,
            "visible" : true,
            "width" : 375,
            "widthType" : 0
          }
        ],
        "clip" : true,
        "codeOverrideEnabled" : false,
        "constraintsLocked" : false,
        "contrast" : 100,
        "contrastEnabled" : 0,
        "deviceType" : null,
        "exportOptions" : [

        ],
        "fillColor" : "rgba(61, 176, 135, 1.00)",
        "fillEnabled" : true,
        "fillGradient" : {
          "__class" : "LinearGradient",
          "alpha" : 1,
          "angle" : 0,
          "end" : "rgba(0,0,0,0)",
          "start" : "black"
        },
        "fillImage" : null,
        "fillImagePixelHeight" : null,
        "fillImagePixelWidth" : null,
        "fillImageResize" : "fill",
        "fillType" : "color",
        "grayscale" : 0,
        "grayScaleEnabled" : 0,
        "height" : 725,
        "heightType" : 0,
        "hueRotate" : 0,
        "hueRotateEnabled" : 0,
        "id" : "Wxoz7UURd",
        "intrinsicHeight" : null,
        "intrinsicWidth" : null,
        "invert" : 0,
        "invertEnabled" : 0,
        "isExternalMaster" : null,
        "isMaster" : false,
        "isTarget" : false,
        "left" : 959,
        "locked" : false,
        "name" : "two",
        "navigationTarget" : null,
        "navigationTransition" : "push",
        "navigationTransitionBackdropColor" : "rgba(4,4,15,.4)",
        "navigationTransitionDirection" : "left",
        "opacity" : 1,
        "originalid" : null,
        "parentid" : "EcuGtp36c",
        "previewSettings" : null,
        "radius" : 0,
        "radiusBottomLeft" : 0,
        "radiusBottomRight" : 0,
        "radiusIsRelative" : false,
        "radiusPerCorner" : false,
        "radiusTopLeft" : 0,
        "radiusTopRight" : 0,
        "replicaInfo" : null,
        "right" : null,
        "rotation" : 0,
        "saturate" : 100,
        "saturateEnabled" : 0,
        "sepia" : 0,
        "sepiaEnabled" : 0,
        "top" : -453,
        "visible" : true,
        "width" : 375,
        "widthType" : 0
      },
      {
        "__class" : "FrameNode",
        "aspectRatio" : null,
        "blendingEnabled" : 0,
        "blendingMode" : "normal",
        "blur" : 12,
        "blurEnabled" : 0,
        "blurType" : "layer",
        "borderBottom" : 1,
        "borderColor" : "#222",
        "borderEnabled" : 0,
        "borderLeft" : 1,
        "borderPerSide" : false,
        "borderRight" : 1,
        "borderStyle" : "solid",
        "borderTop" : 1,
        "borderWidth" : 1,
        "bottom" : null,
        "boxShadows" : [

        ],
        "brightness" : 100,
        "brightnessEnabled" : 0,
        "centerAnchorX" : 1.4226666666666667,
        "centerAnchorY" : 1.4489655172413793,
        "children" : [
          {
            "__class" : "FrameNode",
            "aspectRatio" : 0.55174104953408531,
            "blendingEnabled" : 0,
            "blendingMode" : "normal",
            "blur" : 12,
            "blurEnabled" : 0,
            "blurType" : "layer",
            "borderBottom" : 1,
            "borderColor" : "#222",
            "borderEnabled" : 0,
            "borderLeft" : 1,
            "borderPerSide" : false,
            "borderRight" : 1,
            "borderStyle" : "solid",
            "borderTop" : 1,
            "borderWidth" : 1,
            "bottom" : 0,
            "boxShadows" : [

            ],
            "brightness" : 100,
            "brightnessEnabled" : 0,
            "centerAnchorX" : 0.5,
            "centerAnchorY" : 0.53103448275862064,
            "children" : [

            ],
            "clip" : false,
            "codeOverrideEnabled" : false,
            "constraintsLocked" : false,
            "contrast" : 100,
            "contrastEnabled" : 0,
            "deviceType" : null,
            "exportOptions" : [

            ],
            "fillColor" : "rgba(255,255,255,1)",
            "fillEnabled" : true,
            "fillGradient" : {
              "__class" : "LinearGradient",
              "alpha" : 1,
              "angle" : 0,
              "end" : "rgba(0,0,0,0)",
              "start" : "black"
            },
            "fillImage" : "F6495OK5xRT1LfWPeIiDjT3plY.png",
            "fillImagePixelHeight" : 2039,
            "fillImagePixelWidth" : 1125,
            "fillImageResize" : "fill",
            "fillType" : "image",
            "grayscale" : 0,
            "grayScaleEnabled" : 0,
            "height" : 680,
            "heightType" : 0,
            "hueRotate" : 0,
            "hueRotateEnabled" : 0,
            "id" : "r7wKcjw6c",
            "intrinsicHeight" : 2039,
            "intrinsicWidth" : 1125,
            "invert" : 0,
            "invertEnabled" : 0,
            "isExternalMaster" : null,
            "isMaster" : false,
            "isTarget" : false,
            "left" : 0,
            "locked" : false,
            "name" : null,
            "navigationTarget" : null,
            "navigationTransition" : "push",
            "navigationTransitionBackdropColor" : "rgba(4,4,15,.4)",
            "navigationTransitionDirection" : "left",
            "opacity" : 1,
            "originalid" : null,
            "parentid" : "SGlOIySJy",
            "previewSettings" : null,
            "radius" : 0,
            "radiusBottomLeft" : 0,
            "radiusBottomRight" : 0,
            "radiusIsRelative" : false,
            "radiusPerCorner" : false,
            "radiusTopLeft" : 0,
            "radiusTopRight" : 0,
            "replicaInfo" : null,
            "right" : 0,
            "rotation" : 0,
            "saturate" : 100,
            "saturateEnabled" : 0,
            "sepia" : 0,
            "sepiaEnabled" : 0,
            "top" : null,
            "visible" : true,
            "width" : 375,
            "widthType" : 0
          }
        ],
        "clip" : true,
        "codeOverrideEnabled" : false,
        "constraintsLocked" : false,
        "contrast" : 100,
        "contrastEnabled" : 0,
        "deviceType" : null,
        "exportOptions" : [

        ],
        "fillColor" : "rgba(95, 162, 179, 1.00)",
        "fillEnabled" : true,
        "fillGradient" : {
          "__class" : "LinearGradient",
          "alpha" : 1,
          "angle" : 0,
          "end" : "rgba(0,0,0,0)",
          "start" : "black"
        },
        "fillImage" : null,
        "fillImagePixelHeight" : null,
        "fillImagePixelWidth" : null,
        "fillImageResize" : "fill",
        "fillType" : "color",
        "grayscale" : 0,
        "grayScaleEnabled" : 0,
        "height" : 725,
        "heightType" : 0,
        "hueRotate" : 0,
        "hueRotateEnabled" : 0,
        "id" : "SGlOIySJy",
        "intrinsicHeight" : null,
        "intrinsicWidth" : null,
        "invert" : 0,
        "invertEnabled" : 0,
        "isExternalMaster" : null,
        "isMaster" : false,
        "isTarget" : false,
        "left" : 487,
        "locked" : false,
        "name" : "three",
        "navigationTarget" : null,
        "navigationTransition" : "push",
        "navigationTransitionBackdropColor" : "rgba(4,4,15,.4)",
        "navigationTransitionDirection" : "left",
        "opacity" : 1,
        "originalid" : null,
        "parentid" : "EcuGtp36c",
        "previewSettings" : null,
        "radius" : 0,
        "radiusBottomLeft" : 0,
        "radiusBottomRight" : 0,
        "radiusIsRelative" : false,
        "radiusPerCorner" : false,
        "radiusTopLeft" : 0,
        "radiusTopRight" : 0,
        "replicaInfo" : null,
        "right" : null,
        "rotation" : 0,
        "saturate" : 100,
        "saturateEnabled" : 0,
        "sepia" : 0,
        "sepiaEnabled" : 0,
        "top" : 359,
        "visible" : true,
        "width" : 375,
        "widthType" : 0
      }
    ],
    "id" : "EcuGtp36c",
    "name" : null,
    "originalid" : null,
    "parentid" : null,
    "visible" : false
  },
  "version" : 47
}